fname,chisqr,gain,pv_r,sigma,pe_res
/mnt/e/PMT_TEST/2023-10-13_LED/NNVT_PN2304-1470_1200v.xml,0.0013590879747572703,21444927.038975272,3.6699729486023442,17.177367207371518,95.83917366222857
