fname,chisqr,gain,pv_r,sigma,pe_res
/mnt/e/PMT_TEST/2023-10-13_LED/NNVT_PN2304-1470_1100v.xml,0.00044532622327198837,10747595.311083743,3.012027491408935,8.60882381622099,47.797638557594766
