fname,chisqr,gain,pv_r,sigma,pe_res
/mnt/e/PMT_TEST/2023-10-13_LED/NNVT_PN2304-1470_1000v.xml,0.002369012410572593,4272784.821428625,5.35948361469712,2.222250963181068,25.174084086800775
