fname,chisqr,gain,pv_r,sigma,pe_res
/mnt/e/PMT_TEST/2023-10-13_LED/NNVT_PN2304-1470_1150v.xml,0.00019754870206497067,15644199.566466639,3.4817749603803487,12.172219100590054,68.88621320872673
