fname,chisqr,gain,pv_r,sigma,pe_res
/mnt/e/PMT_TEST/2023-10-13_LED/NNVT_PN2304-1470_1050v.xml,0.0003499725039809839,7274925.499803306,1.7936893203883495,5.827215321233746,34.156635230945426
