fname,chisqr,gain,pv_r,sigma,pe_res
NNVT_PN2305-1100_1200v.xml,0.00540341127051319,20059137.871325362,1.2587800369685767,5.355789810439393,22.550243497760917
