fname,chisqr,gain,pv_r,sigma,pe_res
NNVT_PN2305-1100_1250v.xml,0.0017707684099956527,8472526.84999914,1.8450902934537243,6.786494006788264,32.24702225591269
