fname,chisqr,gain,pv_r,sigma,pe_res
NNVT_PN2305-1100_950v.xml,0.038322494618366336,5913586.719511709,1.7510344827586204,0.9472275899425624,3.046342433516166
NNVT_PN2305-1100_1000v.xml,0.43719009998795,2625677.66319495,17.4375,1.0515839038730856,-4.4783362817947765
NNVT_PN2305-1100_1050v.xml,0.01305523964251912,10200861.936278317,3.944405348346235,1.3617429332021274,4.051062327093391
NNVT_PN2305-1100_1100v.xml,0.0012009636471321942,2920825.8340167613,4.259176863181312,1.7373297302292328,14.052027406998832
NNVT_PN2305-1100_900v.xml,0.5021278586308104,8135458.887007689,8.4251968503937,0.9309289383450684,-10.284085687417999
NNVT_PN2305-1100_1150v.xml,0.0009365939617810209,3687203.817722124,5.378155461134716,2.100833795718056,19.388842470159233
NNVT_PN2305-1100_1250v.xml,0.0017707684099956527,8472526.84999914,1.8450902934537243,6.786494006788264,32.24702225591269
NNVT_PN2305-1100_1300v.xml,0.0002804829379307987,10721848.919586826,2.6833941605839415,8.58820098123153,47.96973353169855
NNVT_PN2305-1100_1200v.xml,0.00540341127051319,20059137.871325362,1.2587800369685767,5.355789810439393,22.550243497760917