fname,chisqr,charge[pC],sigma[pC],N_PE,sigma[NPE]
/media/robertkralik/LaCie/TestingPMTs/Comparison_CAENScope.xml,5.664765621368883e-06,"(25.265326621747395, 0.020348085362684)","(6.383284286017393, 0.020349280103887868)","(38.845111439744954, 0.03128491688757895)","(9.814216659620966, 0.0312867537866581)"
