fname,chisqr,gain,pv_r,sigma,pe_res
/mnt/e/PMT_TEST/2023-10-13_LED/NNVT_PN2304-1470_1250v.xml,0.0005765550588397825,26634702.127477597,3.8410206084396465,14.182570082638485,135.56447918610672
