fname,chisqr,gain,pv_r,sigma,pe_res
/mnt/c/Users/hayas/Downloads/NNVT_PN2304-1470_1300v.xml,4.911677666643593e-05,35707285.574111074,3.9473081328751434,18.77502185326767,170.86703409249654
