fname,chisqr,gain,pv_r,sigma,pe_res
/mnt/e/PMT_TEST/2023-10-13_LED/NNVT_PN2304-1470_900v.xml,0.0006285123309216288,2170469.449150477,3.5373626373626372,1.4289179152176792,13.253853197019987
