fname,chisqr,gain,pv_r,sigma,pe_res
/mnt/e/PMT_TEST/2023-10-13_LED/NNVT_PN2304-1470_950v.xml,0.27268434878576875,7444893.472833775,,2.3516411767671963,-35.60469075732914
