fname,chisqr,gain,pv_r,sigma,pe_res
NNVT_PN2305-1100_1100v.xml,0.0012009636471321942,2920825.8340167613,4.259176863181312,1.7373297302292328,14.052027406998832
