fname,chisqr,gain,pv_r,sigma,pe_res
NNVT_PN2305-1100_1000v.xml,0.43719009998795,2625677.66319495,17.4375,1.0515839038730856,-4.4783362817947765
