fname,chisqr,charge[pC],sigma[pC],N_PE,sigma[NPE]
/media/robertkralik/LaCie/PMTMeasurements/NNVT_PN23051100_1300V_Az00Pol15.xml,3.3888439842394713e-07,"(127.90467462893305, 0.043060370608266334)","(17.225099580747248, 0.043060371147740105)","(196.6517755344813, 0.06620476037998428)","(26.483366820949257, 0.06620476120941819)"
/media/robertkralik/LaCie/PMTMeasurements/NNVT_PN23051100_1300V_Az00Pol30.xml,5.271650376477867e-07,"(129.33411201253895, 0.05565899223319944)","(17.469091036317664, 0.05565899311329535)","(198.8495169408605, 0.08557497744998468)","(26.858500514009062, 0.08557497880312072)"
/media/robertkralik/LaCie/PMTMeasurements/NNVT_PN23051100_1300V_Az00Pol45.xml,4.070514964303071e-06,"(123.26821821930193, 0.15590762099676217)","(17.195288078892556, 0.15590762325119492)","(189.52328404042655, 0.2397059417673139)","(26.4375320241517, 0.23970594523347497)"
/media/robertkralik/LaCie/PMTMeasurements/NNVT_PN23051100_1300V_Az00Pol60.xml,2.810872333576421e-07,"(108.66302891032761, 0.0391971795598483)","(17.470624627696697, 0.03919718018262988)","(167.06799522506904, 0.060265154332712643)","(26.860858390830266, 0.060265155290231236)"
/media/robertkralik/LaCie/PMTMeasurements/NNVT_PN23051100_1300V_Az00Pol50.xml,3.504860219945651e-07,"(108.76912332280126, 0.03906607536978019)","(16.148416032933365, 0.03906607595032923)","(167.23111400589357, 0.06006358334375778)","(24.82797985420528, 0.0600635842363444)"
